stratum,path,bit,cycle,cls,out_ok,hang,clock_ok,clock_err,deadline_ok,deadline_shift,ecc_events,final_ok
mtime,mtime_q,0,210,SDC,False,,False,1,True,0,0,False
mtime,mtime_q,0,204,SDC,False,,False,1,True,0,0,False
mtime,mtime_q,1,146,SDC,False,,False,2,False,2,0,True
mtime,mtime_q,1,206,SDC,False,,False,2,True,0,0,False
mtime,mtime_q,2,57,SDC,False,,False,4,False,4,0,True
mtime,mtime_q,2,70,SDC,False,,False,4,False,4,0,True
mtime,mtime_q,3,56,SDC,False,,False,8,False,8,0,True
mtime,mtime_q,3,208,SDC,False,,False,8,True,0,0,False
mtime,mtime_q,4,125,SDC,False,,False,16,False,16,0,True
mtime,mtime_q,4,201,SDC,False,,False,16,True,0,0,False
mtime,mtime_q,5,129,SDC,False,,False,32,False,32,0,True
mtime,mtime_q,5,134,SDC,False,,False,32,False,32,0,True
mtime,mtime_q,6,124,SDC,False,,False,64,False,64,0,True
mtime,mtime_q,6,105,SDC,False,,False,64,False,64,0,True
mtime,mtime_q,7,201,SDC,False,,False,128,True,0,0,False
mtime,mtime_q,7,145,SDC,False,,False,128,False,46,0,False
mtime,mtime_q,8,85,SDC,False,,False,256,False,256,0,True
mtime,mtime_q,8,18,SDC,False,,False,256,False,173,0,False
mtime,mtime_q,9,133,SDC,False,,False,512,False,58,0,False
mtime,mtime_q,9,104,SDC,False,,False,512,False,87,0,False
mtime,mtime_q,10,59,SDC,False,,False,1024,False,1024,0,True
mtime,mtime_q,10,211,SDC,False,,False,1024,True,0,0,False
mtime,mtime_q,11,46,SDC,False,,False,2048,False,145,0,False
mtime,mtime_q,11,38,SDC,False,,False,2048,False,153,0,False
mtime,mtime_q,12,100,SDC,False,,False,4096,False,91,0,False
mtime,mtime_q,12,211,SDC,False,,False,4096,False,0,0,False
mtime,mtime_q,13,204,HANG,False,mtip never cleared,False,0,False,0,0,False
mtime,mtime_q,13,83,SDC,False,,False,8192,False,108,0,False
mtime,mtime_q,14,72,SDC,False,,False,16384,False,119,0,False
mtime,mtime_q,14,137,SDC,False,,False,16384,False,54,0,False
mtime,mtime_q,15,166,HANG,False,the deadline never arrived,False,0,False,,0,False
mtime,mtime_q,15,5,HANG,False,the deadline never arrived,False,32768,False,,0,False
mtime,mtime_q,16,128,HANG,False,the deadline never arrived,False,0,False,,0,False
mtime,mtime_q,16,35,HANG,False,the deadline never arrived,False,65536,False,,0,False
mtime,mtime_q,17,106,SDC,False,,False,131072,False,85,0,False
mtime,mtime_q,17,167,SDC,False,,False,131072,False,24,0,False
mtime,mtime_q,18,149,SDC,False,,False,262144,False,42,0,False
mtime,mtime_q,18,42,SDC,False,,False,262144,False,149,0,False
mtime,mtime_q,19,143,SDC,False,,False,524288,False,48,0,False
mtime,mtime_q,19,199,HANG,False,mtip never cleared,False,0,False,0,0,False
mtime,mtime_q,20,136,HANG,False,the deadline never arrived,False,0,False,,0,False
mtime,mtime_q,20,99,HANG,False,the deadline never arrived,False,0,False,,0,False
mtime,mtime_q,21,120,HANG,False,the deadline never arrived,False,0,False,,0,False
mtime,mtime_q,21,162,HANG,False,the deadline never arrived,False,0,False,,0,False
mtime,mtime_q,22,181,HANG,False,the deadline never arrived,False,0,False,,0,False
mtime,mtime_q,22,38,HANG,False,the deadline never arrived,False,4194304,False,,0,False
mtime,mtime_q,23,69,HANG,False,the deadline never arrived,False,8388608,False,,0,False
mtime,mtime_q,23,169,HANG,False,the deadline never arrived,False,0,False,,0,False
mtime,mtime_q,24,91,HANG,False,the deadline never arrived,False,0,False,,0,False
mtime,mtime_q,24,206,SDC,False,,False,16777216,True,0,0,False
mtime,mtime_q,25,195,HANG,False,mtip never cleared,False,0,False,0,0,False
mtime,mtime_q,25,179,SDC,False,,False,33554432,False,12,0,False
mtime,mtime_q,26,150,SDC,False,,False,67108864,False,41,0,False
mtime,mtime_q,26,66,SDC,False,,False,67108864,False,125,0,False
mtime,mtime_q,27,146,HANG,False,the deadline never arrived,False,0,False,,0,False
mtime,mtime_q,27,136,HANG,False,the deadline never arrived,False,0,False,,0,False
mtime,mtime_q,28,18,HANG,False,the deadline never arrived,False,268435456,False,,0,False
mtime,mtime_q,28,73,HANG,False,the deadline never arrived,False,0,False,,0,False
mtime,mtime_q,29,61,HANG,False,the deadline never arrived,False,536870912,False,,0,False
mtime,mtime_q,29,170,HANG,False,the deadline never arrived,False,0,False,,0,False
mtime,mtime_q,30,192,SDC,False,,False,1073741824,True,0,0,False
mtime,mtime_q,30,169,SDC,False,,False,1073741824,False,22,0,False
mtime,mtime_q,31,132,SDC,False,,False,2147483648,False,59,0,False
mtime,mtime_q,31,90,SDC,False,,False,2147483648,False,101,0,False
mtime,mtime_q,32,201,HANG,False,mtip never cleared,False,0,False,0,0,False
mtime,mtime_q,32,139,SDC,False,,False,4294967296,False,52,0,False
mtime,mtime_q,33,207,SDC,False,,False,8589934592,False,0,0,False
mtime,mtime_q,33,7,SDC,False,,False,8589934592,False,184,0,False
mtime,mtime_q,34,121,HANG,False,the deadline never arrived,False,0,False,,0,False
mtime,mtime_q,34,163,HANG,False,the deadline never arrived,False,0,False,,0,False
mtime,mtime_q,35,106,HANG,False,the deadline never arrived,False,0,False,,0,False
mtime,mtime_q,35,177,HANG,False,the deadline never arrived,False,0,False,,0,False
mtime,mtime_q,36,154,SDC,False,,False,68719476736,False,37,0,False
mtime,mtime_q,36,206,SDC,False,,False,68719476736,False,0,0,False
mtime,mtime_q,37,15,HANG,False,the deadline never arrived,False,137438953472,False,,0,False
mtime,mtime_q,37,150,HANG,False,the deadline never arrived,False,0,False,,0,False
mtime,mtime_q,38,181,HANG,False,the deadline never arrived,False,0,False,,0,False
mtime,mtime_q,38,46,HANG,False,the deadline never arrived,False,274877906944,False,,0,False
mtime,mtime_q,39,181,SDC,False,,False,549755813888,False,10,0,False
mtime,mtime_q,39,8,SDC,False,,False,549755813888,False,183,0,False
mtime,mtime_q,40,119,SDC,False,,False,1099511627776,False,72,0,False
mtime,mtime_q,40,132,SDC,False,,False,1099511627776,False,59,0,False
mtime,mtime_q,41,204,SDC,False,,False,2199023255552,True,0,0,False
mtime,mtime_q,41,160,HANG,False,the deadline never arrived,False,0,False,,0,False
mtime,mtime_q,42,116,SDC,False,,False,4398046511104,False,75,0,False
mtime,mtime_q,42,185,SDC,False,,False,4398046511104,False,6,0,False
mtime,mtime_q,43,116,HANG,False,the deadline never arrived,False,0,False,,0,False
mtime,mtime_q,43,168,HANG,False,the deadline never arrived,False,0,False,,0,False
mtime,mtime_q,44,11,HANG,False,the deadline never arrived,False,17592186044416,False,,0,False
mtime,mtime_q,44,143,HANG,False,the deadline never arrived,False,0,False,,0,False
mtime,mtime_q,45,109,SDC,False,,False,35184372088832,False,82,0,False
mtime,mtime_q,45,172,SDC,False,,False,35184372088832,False,19,0,False
mtime,mtime_q,46,114,HANG,False,the deadline never arrived,False,0,False,,0,False
mtime,mtime_q,46,108,HANG,False,the deadline never arrived,False,0,False,,0,False
mtime,mtime_q,47,124,SDC,False,,False,140737488355328,False,67,0,False
mtime,mtime_q,47,42,SDC,False,,False,140737488355328,False,149,0,False
mtime,mtime_q,48,49,HANG,False,the deadline never arrived,False,281474976710656,False,,0,False
mtime,mtime_q,48,24,HANG,False,the deadline never arrived,False,281474976710656,False,,0,False
mtime,mtime_q,49,113,HANG,False,the deadline never arrived,False,0,False,,0,False
mtime,mtime_q,49,187,HANG,False,the deadline never arrived,False,0,False,,0,False
mtime,mtime_q,50,142,SDC,False,,False,1125899906842624,False,49,0,False
mtime,mtime_q,50,151,SDC,False,,False,1125899906842624,False,40,0,False
mtime,mtime_q,51,22,SDC,False,,False,2251799813685248,False,169,0,False
mtime,mtime_q,51,149,SDC,False,,False,2251799813685248,False,42,0,False
mtime,mtime_q,52,160,SDC,False,,False,4503599627370496,False,31,0,False
mtime,mtime_q,52,61,SDC,False,,False,4503599627370496,False,130,0,False
mtime,mtime_q,53,137,SDC,False,,False,9007199254740992,False,54,0,False
mtime,mtime_q,53,30,SDC,False,,False,9007199254740992,False,161,0,False
mtime,mtime_q,54,130,SDC,False,,False,18014398509481984,False,61,0,False
mtime,mtime_q,54,41,SDC,False,,False,18014398509481984,False,150,0,False
mtime,mtime_q,55,198,HANG,False,mtip never cleared,False,0,True,0,0,False
mtime,mtime_q,55,152,SDC,False,,False,36028797018963968,False,39,0,False
mtime,mtime_q,56,88,SDC,False,,False,72057594037927936,False,103,0,False
mtime,mtime_q,56,159,SDC,False,,False,72057594037927936,False,32,0,False
mtime,mtime_q,57,161,SDC,False,,False,144115188075855872,False,30,0,False
mtime,mtime_q,57,195,SDC,False,,False,144115188075855872,True,0,0,False
mtime,mtime_q,58,154,SDC,False,,False,288230376151711744,False,37,0,False
mtime,mtime_q,58,81,SDC,False,,False,288230376151711744,False,110,0,False
mtime,mtime_q,59,74,SDC,False,,False,576460752303423488,False,117,0,False
mtime,mtime_q,59,173,SDC,False,,False,576460752303423488,False,18,0,False
mtime,mtime_q,60,148,SDC,False,,False,1152921504606846976,False,43,0,False
mtime,mtime_q,60,203,HANG,False,mtip never cleared,False,0,False,0,0,False
mtime,mtime_q,61,111,SDC,False,,False,2305843009213693952,False,80,0,False
mtime,mtime_q,61,162,SDC,False,,False,2305843009213693952,False,29,0,False
mtime,mtime_q,62,175,SDC,False,,False,4611686018427387904,False,16,0,False
mtime,mtime_q,62,108,SDC,False,,False,4611686018427387904,False,83,0,False
mtime,mtime_q,63,106,SDC,False,,False,9223372036854775808,False,85,0,False
mtime,mtime_q,63,71,SDC,False,,False,9223372036854775808,False,120,0,False
mtimecmp,mtimecmp,0,124,SDC,False,,True,0,False,1,0,False
mtimecmp,mtimecmp,0,77,SDC,False,,True,0,False,1,0,False
mtimecmp,mtimecmp,1,172,SDC,False,,True,0,False,2,0,False
mtimecmp,mtimecmp,1,171,SDC,False,,True,0,False,2,0,False
mtimecmp,mtimecmp,2,123,SDC,False,,True,0,False,4,0,False
mtimecmp,mtimecmp,2,79,SDC,False,,True,0,False,4,0,False
mtimecmp,mtimecmp,3,126,SDC,False,,True,0,False,8,0,False
mtimecmp,mtimecmp,3,51,SDC,False,,True,0,False,8,0,False
mtimecmp,mtimecmp,4,182,SDC,False,,True,0,False,9,0,False
mtimecmp,mtimecmp,4,167,SDC,False,,True,0,False,16,0,False
mtimecmp,mtimecmp,5,208,SDC,False,,True,0,True,0,0,False
mtimecmp,mtimecmp,5,43,SDC,False,,True,0,False,32,0,False
mtimecmp,mtimecmp,6,31,SDC,False,,True,0,False,64,0,False
mtimecmp,mtimecmp,6,97,SDC,False,,True,0,False,64,0,False
mtimecmp,mtimecmp,7,89,SDC,False,,True,0,False,128,0,False
mtimecmp,mtimecmp,7,20,SDC,False,,True,0,False,128,0,False
mtimecmp,mtimecmp,8,81,SDC,False,,True,0,False,110,0,False
mtimecmp,mtimecmp,8,120,SDC,False,,True,0,False,71,0,False
mtimecmp,mtimecmp,9,208,SDC,False,,True,0,True,0,0,False
mtimecmp,mtimecmp,9,195,SDC,False,,True,0,True,0,0,True
mtimecmp,mtimecmp,10,103,SDC,False,,True,0,False,88,0,False
mtimecmp,mtimecmp,10,129,SDC,False,,True,0,False,62,0,False
mtimecmp,mtimecmp,11,117,SDC,False,,True,0,False,2048,0,False
mtimecmp,mtimecmp,11,33,SDC,False,,True,0,False,2048,0,False
mtimecmp,mtimecmp,12,190,HANG,False,the deadline never arrived,False,0,False,,0,False
mtimecmp,mtimecmp,12,27,HANG,False,the deadline never arrived,False,0,False,,0,False
mtimecmp,mtimecmp,13,49,HANG,False,the deadline never arrived,False,0,False,,0,False
mtimecmp,mtimecmp,13,97,HANG,False,the deadline never arrived,False,0,False,,0,False
mtimecmp,mtimecmp,14,76,HANG,False,the deadline never arrived,False,0,False,,0,False
mtimecmp,mtimecmp,14,193,SDC,False,,True,0,True,0,0,True
mtimecmp,mtimecmp,15,55,SDC,False,,True,0,False,136,0,False
mtimecmp,mtimecmp,15,24,SDC,False,,True,0,False,167,0,False
mtimecmp,mtimecmp,16,114,SDC,False,,True,0,False,77,0,False
mtimecmp,mtimecmp,16,53,SDC,False,,True,0,False,138,0,False
mtimecmp,mtimecmp,17,49,HANG,False,the deadline never arrived,False,0,False,,0,False
mtimecmp,mtimecmp,17,81,HANG,False,the deadline never arrived,False,0,False,,0,False
mtimecmp,mtimecmp,18,75,HANG,False,the deadline never arrived,False,0,False,,0,False
mtimecmp,mtimecmp,18,167,HANG,False,the deadline never arrived,False,0,False,,0,False
mtimecmp,mtimecmp,19,65,HANG,False,the deadline never arrived,False,0,False,,0,False
mtimecmp,mtimecmp,19,47,HANG,False,the deadline never arrived,False,0,False,,0,False
mtimecmp,mtimecmp,20,109,SDC,False,,True,0,False,82,0,False
mtimecmp,mtimecmp,20,180,SDC,False,,True,0,False,11,0,False
mtimecmp,mtimecmp,21,10,SDC,False,,True,0,False,181,0,False
mtimecmp,mtimecmp,21,56,SDC,False,,True,0,False,135,0,False
mtimecmp,mtimecmp,22,179,SDC,False,,True,0,False,12,0,False
mtimecmp,mtimecmp,22,22,SDC,False,,True,0,False,169,0,False
mtimecmp,mtimecmp,23,56,SDC,False,,True,0,False,135,0,False
mtimecmp,mtimecmp,23,126,SDC,False,,True,0,False,65,0,False
mtimecmp,mtimecmp,24,72,SDC,False,,True,0,False,119,0,False
mtimecmp,mtimecmp,24,84,SDC,False,,True,0,False,107,0,False
mtimecmp,mtimecmp,25,67,HANG,False,the deadline never arrived,False,0,False,,0,False
mtimecmp,mtimecmp,25,137,HANG,False,the deadline never arrived,False,0,False,,0,False
mtimecmp,mtimecmp,26,205,SDC,False,,True,0,True,0,0,False
mtimecmp,mtimecmp,26,157,HANG,False,the deadline never arrived,False,0,False,,0,False
mtimecmp,mtimecmp,27,132,SDC,False,,True,0,False,59,0,False
mtimecmp,mtimecmp,27,37,SDC,False,,True,0,False,154,0,False
mtimecmp,mtimecmp,28,211,SDC,False,,True,0,False,0,0,False
mtimecmp,mtimecmp,28,197,MASKED,True,,True,0,True,0,0,True
mtimecmp,mtimecmp,29,122,SDC,False,,True,0,False,69,0,False
mtimecmp,mtimecmp,29,39,SDC,False,,True,0,False,152,0,False
mtimecmp,mtimecmp,30,165,HANG,False,the deadline never arrived,False,0,False,,0,False
mtimecmp,mtimecmp,30,44,HANG,False,the deadline never arrived,False,0,False,,0,False
mtimecmp,mtimecmp,31,108,HANG,False,the deadline never arrived,False,0,False,,0,False
mtimecmp,mtimecmp,31,188,HANG,False,the deadline never arrived,False,0,False,,0,False
mtimecmp,mtimecmp,32,85,HANG,False,the deadline never arrived,False,0,False,,0,False
mtimecmp,mtimecmp,32,180,HANG,False,the deadline never arrived,False,0,False,,0,False
mtimecmp,mtimecmp,33,135,HANG,False,the deadline never arrived,False,0,False,,0,False
mtimecmp,mtimecmp,33,112,HANG,False,the deadline never arrived,False,0,False,,0,False
mtimecmp,mtimecmp,34,122,SDC,False,,True,0,False,69,0,False
mtimecmp,mtimecmp,34,193,SDC,False,,True,0,True,0,0,True
mtimecmp,mtimecmp,35,54,SDC,False,,True,0,False,137,0,False
mtimecmp,mtimecmp,35,76,SDC,False,,True,0,False,115,0,False
mtimecmp,mtimecmp,36,67,HANG,False,the deadline never arrived,False,0,False,,0,False
mtimecmp,mtimecmp,36,78,HANG,False,the deadline never arrived,False,0,False,,0,False
mtimecmp,mtimecmp,37,76,SDC,False,,True,0,False,115,0,False
mtimecmp,mtimecmp,37,88,SDC,False,,True,0,False,103,0,False
mtimecmp,mtimecmp,38,110,SDC,False,,True,0,False,81,0,False
mtimecmp,mtimecmp,38,132,SDC,False,,True,0,False,59,0,False
mtimecmp,mtimecmp,39,182,HANG,False,the deadline never arrived,False,0,False,,0,False
mtimecmp,mtimecmp,39,66,HANG,False,the deadline never arrived,False,0,False,,0,False
mtimecmp,mtimecmp,40,37,HANG,False,the deadline never arrived,False,0,False,,0,False
mtimecmp,mtimecmp,40,137,HANG,False,the deadline never arrived,False,0,False,,0,False
mtimecmp,mtimecmp,41,30,SDC,False,,True,0,False,161,0,False
mtimecmp,mtimecmp,41,194,SDC,False,,True,0,True,0,0,True
mtimecmp,mtimecmp,42,4,HANG,False,the deadline never arrived,False,0,False,,0,False
mtimecmp,mtimecmp,42,111,HANG,False,the deadline never arrived,False,0,False,,0,False
mtimecmp,mtimecmp,43,95,SDC,False,,True,0,False,96,0,False
mtimecmp,mtimecmp,43,135,SDC,False,,True,0,False,56,0,False
mtimecmp,mtimecmp,44,206,SDC,False,,True,0,False,0,0,False
mtimecmp,mtimecmp,44,106,SDC,False,,True,0,False,85,0,False
mtimecmp,mtimecmp,45,14,HANG,False,the deadline never arrived,False,0,False,,0,False
mtimecmp,mtimecmp,45,169,HANG,False,the deadline never arrived,False,0,False,,0,False
mtimecmp,mtimecmp,46,116,SDC,False,,True,0,False,75,0,False
mtimecmp,mtimecmp,46,187,SDC,False,,True,0,False,4,0,False
mtimecmp,mtimecmp,47,197,SDC,False,,True,0,True,0,0,True
mtimecmp,mtimecmp,47,104,HANG,False,the deadline never arrived,False,0,False,,0,False
mtimecmp,mtimecmp,48,147,SDC,False,,True,0,False,44,0,False
mtimecmp,mtimecmp,48,46,SDC,False,,True,0,False,145,0,False
mtimecmp,mtimecmp,49,143,SDC,False,,True,0,False,48,0,False
mtimecmp,mtimecmp,49,192,SDC,False,,True,0,True,0,0,True
mtimecmp,mtimecmp,50,173,HANG,False,the deadline never arrived,False,0,False,,0,False
mtimecmp,mtimecmp,50,142,HANG,False,the deadline never arrived,False,0,False,,0,False
mtimecmp,mtimecmp,51,70,HANG,False,the deadline never arrived,False,0,False,,0,False
mtimecmp,mtimecmp,51,66,HANG,False,the deadline never arrived,False,0,False,,0,False
mtimecmp,mtimecmp,52,102,HANG,False,the deadline never arrived,False,0,False,,0,False
mtimecmp,mtimecmp,52,4,HANG,False,the deadline never arrived,False,0,False,,0,False
mtimecmp,mtimecmp,53,171,HANG,False,the deadline never arrived,False,0,False,,0,False
mtimecmp,mtimecmp,53,166,HANG,False,the deadline never arrived,False,0,False,,0,False
mtimecmp,mtimecmp,54,173,HANG,False,the deadline never arrived,False,0,False,,0,False
mtimecmp,mtimecmp,54,121,HANG,False,the deadline never arrived,False,0,False,,0,False
mtimecmp,mtimecmp,55,36,HANG,False,the deadline never arrived,False,0,False,,0,False
mtimecmp,mtimecmp,55,120,HANG,False,the deadline never arrived,False,0,False,,0,False
mtimecmp,mtimecmp,56,135,HANG,False,the deadline never arrived,False,0,False,,0,False
mtimecmp,mtimecmp,56,111,HANG,False,the deadline never arrived,False,0,False,,0,False
mtimecmp,mtimecmp,57,44,HANG,False,the deadline never arrived,False,0,False,,0,False
mtimecmp,mtimecmp,57,57,HANG,False,the deadline never arrived,False,0,False,,0,False
mtimecmp,mtimecmp,58,44,HANG,False,the deadline never arrived,False,0,False,,0,False
mtimecmp,mtimecmp,58,52,HANG,False,the deadline never arrived,False,0,False,,0,False
mtimecmp,mtimecmp,59,38,HANG,False,the deadline never arrived,False,0,False,,0,False
mtimecmp,mtimecmp,59,146,HANG,False,the deadline never arrived,False,0,False,,0,False
mtimecmp,mtimecmp,60,113,HANG,False,the deadline never arrived,False,0,False,,0,False
mtimecmp,mtimecmp,60,92,HANG,False,the deadline never arrived,False,0,False,,0,False
mtimecmp,mtimecmp,61,22,HANG,False,the deadline never arrived,False,0,False,,0,False
mtimecmp,mtimecmp,61,119,HANG,False,the deadline never arrived,False,0,False,,0,False
mtimecmp,mtimecmp,62,210,SDC,False,,True,0,True,0,0,False
mtimecmp,mtimecmp,62,11,HANG,False,the deadline never arrived,False,0,False,,0,False
mtimecmp,mtimecmp,63,30,HANG,False,the deadline never arrived,False,0,False,,0,False
mtimecmp,mtimecmp,63,92,HANG,False,the deadline never arrived,False,0,False,,0,False
msip,msip,0,145,SDC,False,,True,0,True,0,0,True
msip,msip,0,123,SDC,False,,True,0,True,0,0,True
rsp_rdata,rdata_o,0,167,MASKED,True,,True,0,True,0,0,True
rsp_rdata,rdata_o,0,66,MASKED,True,,True,0,True,0,0,True
rsp_rdata,rdata_o,1,24,MASKED,True,,True,0,True,0,0,True
rsp_rdata,rdata_o,1,161,MASKED,True,,True,0,True,0,0,True
rsp_rdata,rdata_o,2,12,MASKED,True,,True,0,True,0,0,True
rsp_rdata,rdata_o,2,162,MASKED,True,,True,0,True,0,0,True
rsp_rdata,rdata_o,3,126,MASKED,True,,True,0,True,0,0,True
rsp_rdata,rdata_o,3,21,MASKED,True,,True,0,True,0,0,True
rsp_rdata,rdata_o,4,211,MASKED,True,,True,0,True,0,0,True
rsp_rdata,rdata_o,4,33,MASKED,True,,True,0,True,0,0,True
rsp_rdata,rdata_o,5,100,MASKED,True,,True,0,True,0,0,True
rsp_rdata,rdata_o,5,23,MASKED,True,,True,0,True,0,0,True
rsp_rdata,rdata_o,6,59,MASKED,True,,True,0,True,0,0,True
rsp_rdata,rdata_o,6,130,MASKED,True,,True,0,True,0,0,True
rsp_rdata,rdata_o,7,99,MASKED,True,,True,0,True,0,0,True
rsp_rdata,rdata_o,7,59,MASKED,True,,True,0,True,0,0,True
rsp_rdata,rdata_o,8,86,MASKED,True,,True,0,True,0,0,True
rsp_rdata,rdata_o,8,184,MASKED,True,,True,0,True,0,0,True
rsp_rdata,rdata_o,9,200,MASKED,True,,True,0,True,0,0,True
rsp_rdata,rdata_o,9,119,MASKED,True,,True,0,True,0,0,True
rsp_rdata,rdata_o,10,188,MASKED,True,,True,0,True,0,0,True
rsp_rdata,rdata_o,10,150,MASKED,True,,True,0,True,0,0,True
rsp_rdata,rdata_o,11,63,MASKED,True,,True,0,True,0,0,True
rsp_rdata,rdata_o,11,104,MASKED,True,,True,0,True,0,0,True
rsp_rdata,rdata_o,12,94,MASKED,True,,True,0,True,0,0,True
rsp_rdata,rdata_o,12,206,MASKED,True,,True,0,True,0,0,True
rsp_rdata,rdata_o,13,10,MASKED,True,,True,0,True,0,0,True
rsp_rdata,rdata_o,13,125,MASKED,True,,True,0,True,0,0,True
rsp_rdata,rdata_o,14,173,MASKED,True,,True,0,True,0,0,True
rsp_rdata,rdata_o,14,178,MASKED,True,,True,0,True,0,0,True
rsp_rdata,rdata_o,15,55,MASKED,True,,True,0,True,0,0,True
rsp_rdata,rdata_o,15,59,MASKED,True,,True,0,True,0,0,True
rsp_rdata,rdata_o,16,112,MASKED,True,,True,0,True,0,0,True
rsp_rdata,rdata_o,16,127,MASKED,True,,True,0,True,0,0,True
rsp_rdata,rdata_o,17,62,MASKED,True,,True,0,True,0,0,True
rsp_rdata,rdata_o,17,66,MASKED,True,,True,0,True,0,0,True
rsp_rdata,rdata_o,18,53,MASKED,True,,True,0,True,0,0,True
rsp_rdata,rdata_o,18,68,SDC,False,,True,0,True,0,0,True
rsp_rdata,rdata_o,19,108,MASKED,True,,True,0,True,0,0,True
rsp_rdata,rdata_o,19,105,MASKED,True,,True,0,True,0,0,True
rsp_rdata,rdata_o,20,174,MASKED,True,,True,0,True,0,0,True
rsp_rdata,rdata_o,20,166,MASKED,True,,True,0,True,0,0,True
rsp_rdata,rdata_o,21,155,MASKED,True,,True,0,True,0,0,True
rsp_rdata,rdata_o,21,112,MASKED,True,,True,0,True,0,0,True
rsp_rdata,rdata_o,22,205,MASKED,True,,True,0,True,0,0,True
rsp_rdata,rdata_o,22,105,MASKED,True,,True,0,True,0,0,True
rsp_rdata,rdata_o,23,192,MASKED,True,,True,0,True,0,0,True
rsp_rdata,rdata_o,23,194,MASKED,True,,True,0,True,0,0,True
rsp_rdata,rdata_o,24,117,MASKED,True,,True,0,True,0,0,True
rsp_rdata,rdata_o,24,197,SDC,False,,True,0,True,0,0,False
rsp_rdata,rdata_o,25,173,MASKED,True,,True,0,True,0,0,True
rsp_rdata,rdata_o,25,53,MASKED,True,,True,0,True,0,0,True
rsp_rdata,rdata_o,26,53,MASKED,True,,True,0,True,0,0,True
rsp_rdata,rdata_o,26,134,MASKED,True,,True,0,True,0,0,True
rsp_rdata,rdata_o,27,92,MASKED,True,,True,0,True,0,0,True
rsp_rdata,rdata_o,27,131,MASKED,True,,True,0,True,0,0,True
rsp_rdata,rdata_o,28,137,MASKED,True,,True,0,True,0,0,True
rsp_rdata,rdata_o,28,35,MASKED,True,,True,0,True,0,0,True
rsp_rdata,rdata_o,29,98,MASKED,True,,True,0,True,0,0,True
rsp_rdata,rdata_o,29,201,MASKED,True,,True,0,True,0,0,True
rsp_rdata,rdata_o,30,200,MASKED,True,,True,0,True,0,0,True
rsp_rdata,rdata_o,30,112,MASKED,True,,True,0,True,0,0,True
rsp_rdata,rdata_o,31,29,MASKED,True,,True,0,True,0,0,True
rsp_rdata,rdata_o,31,136,MASKED,True,,True,0,True,0,0,True
rsp_ctrl_v,rvalid_o,0,22,MASKED,True,,True,0,True,0,0,True
rsp_ctrl_v,rvalid_o,0,100,MASKED,True,,True,0,True,0,0,True
rsp_ctrl_e,err_o,0,116,MASKED,True,,True,0,True,0,0,True
rsp_ctrl_e,err_o,0,97,MASKED,True,,True,0,True,0,0,True
