instance	master	x_dbu	y_dbu	orientation	status
u_eth.u_mac.rx_fifo.fifo_inst.u_sram.g_bank\[0\].u_mem.mem	DP8TSRAMDP256x16	2340000	60480	MX	FIRM
u_eth.u_mac.rx_fifo.fifo_inst.u_sram.g_bank\[1\].u_mem.mem	DP8TSRAMDP256x16	2340000	351540	R0	FIRM
u_eth.u_mac.rx_fifo.fifo_inst.u_sram.g_bank\[2\].u_mem.mem	DP8TSRAMDP256x16	2340000	642600	MX	FIRM
u_eth.u_mac.rx_fifo.fifo_inst.u_sram.g_bank\[3\].u_mem.mem	DP8TSRAMDP256x16	2340000	933660	R0	FIRM
u_eth.u_mac.rx_fifo.fifo_inst.u_sram.g_bank\[4\].u_mem.mem	DP8TSRAMDP256x16	2340000	1224720	MX	FIRM
u_eth.u_mac.rx_fifo.fifo_inst.u_sram.g_bank\[5\].u_mem.mem	DP8TSRAMDP256x16	2340000	1515780	R0	FIRM
u_eth.u_mac.rx_fifo.fifo_inst.u_sram.g_bank\[6\].u_mem.mem	DP8TSRAMDP256x16	2340000	1806840	MX	FIRM
u_eth.u_mac.rx_fifo.fifo_inst.u_sram.g_bank\[7\].u_mem.mem	DP8TSRAMDP256x16	2340000	2097900	R0	FIRM
u_eth.u_mac.tx_fifo.fifo_inst.u_sram.g_bank\[0\].u_mem.mem	DP8TSRAMDP256x16	2808000	60480	MX	FIRM
u_eth.u_mac.tx_fifo.fifo_inst.u_sram.g_bank\[1\].u_mem.mem	DP8TSRAMDP256x16	2808000	351540	R0	FIRM
u_eth.u_mac.tx_fifo.fifo_inst.u_sram.g_bank\[2\].u_mem.mem	DP8TSRAMDP256x16	2808000	642600	MX	FIRM
u_eth.u_mac.tx_fifo.fifo_inst.u_sram.g_bank\[3\].u_mem.mem	DP8TSRAMDP256x16	2808000	933660	R0	FIRM
u_eth.u_mac.tx_fifo.fifo_inst.u_sram.g_bank\[4\].u_mem.mem	DP8TSRAMDP256x16	2808000	1224720	MX	FIRM
u_eth.u_mac.tx_fifo.fifo_inst.u_sram.g_bank\[5\].u_mem.mem	DP8TSRAMDP256x16	2808000	1515780	R0	FIRM
u_eth.u_mac.tx_fifo.fifo_inst.u_sram.g_bank\[6\].u_mem.mem	DP8TSRAMDP256x16	2808000	1806840	MX	FIRM
u_eth.u_mac.tx_fifo.fifo_inst.u_sram.g_bank\[7\].u_mem.mem	DP8TSRAMDP256x16	2808000	2097900	R0	FIRM
u_ram.g_ram_2048x64_ecc.u_b0.bank_adapter.bank\[0\].mem	SP6TSRAM512x64	120000	60480	R0	FIRM
u_ram.g_ram_2048x64_ecc.u_b0.bank_adapter.bank\[1\].mem	SP6TSRAM512x64	120000	250740	R0	FIRM
u_ram.g_ram_2048x64_ecc.u_b0.bank_adapter.bank\[2\].mem	SP6TSRAM512x64	120000	441000	R0	FIRM
u_ram.g_ram_2048x64_ecc.u_b0.bank_adapter.bank\[3\].mem	SP6TSRAM512x64	120000	631260	R0	FIRM
u_ram.g_ram_2048x64_ecc.u_b1.bank_adapter.bank\[0\].mem	SP6TSRAM512x64	944640	60480	R0	FIRM
u_ram.g_ram_2048x64_ecc.u_b1.bank_adapter.bank\[1\].mem	SP6TSRAM512x64	944640	250740	R0	FIRM
u_ram.g_ram_2048x64_ecc.u_b1.bank_adapter.bank\[2\].mem	SP6TSRAM512x64	944640	441000	R0	FIRM
u_ram.g_ram_2048x64_ecc.u_b1.bank_adapter.bank\[3\].mem	SP6TSRAM512x64	944640	631260	R0	FIRM
u_ram.g_ram_2048x64_ecc.u_b2.bank_adapter.bank\[0\].mem	SP6TSRAM512x64	120000	1640520	R0	FIRM
u_ram.g_ram_2048x64_ecc.u_b2.bank_adapter.bank\[1\].mem	SP6TSRAM512x64	120000	1830780	R0	FIRM
u_ram.g_ram_2048x64_ecc.u_b2.bank_adapter.bank\[2\].mem	SP6TSRAM512x64	120000	2021040	R0	FIRM
u_ram.g_ram_2048x64_ecc.u_b2.bank_adapter.bank\[3\].mem	SP6TSRAM512x64	120000	2211300	R0	FIRM
u_ram.g_ram_2048x64_ecc.u_b3.bank_adapter.bank\[0\].mem	SP6TSRAM512x64	944640	1640520	R0	FIRM
u_ram.g_ram_2048x64_ecc.u_b3.bank_adapter.bank\[1\].mem	SP6TSRAM512x64	944640	1830780	R0	FIRM
u_ram.g_ram_2048x64_ecc.u_b3.bank_adapter.bank\[2\].mem	SP6TSRAM512x64	944640	2021040	R0	FIRM
u_ram.g_ram_2048x64_ecc.u_b3.bank_adapter.bank\[3\].mem	SP6TSRAM512x64	944640	2211300	R0	FIRM
