name	direction	signal_type	layer	x0_dbu	y0_dbu	x1_dbu	y1_dbu	status
alert_major_bus_o	OUTPUT	SIGNAL	Metal2	1613080	2475500	1613480	2475900	PLACED
alert_major_internal_o	OUTPUT	SIGNAL	Metal2	1611160	2475500	1611560	2475900	PLACED
alert_minor_o	OUTPUT	SIGNAL	Metal2	1612120	2475500	1612520	2475900	PLACED
can_bus_off_o	OUTPUT	SIGNAL	Metal3	3326000	1749940	3326400	1750340	PLACED
can_irq_o	OUTPUT	SIGNAL	Metal3	3326000	1593700	3326400	1594100	PLACED
can_rx_i	INPUT	SIGNAL	Metal2	2426200	2475500	2426600	2475900	PLACED
can_tx_o	OUTPUT	SIGNAL	Metal3	3326000	1783540	3326400	1783940	PLACED
clk_i	INPUT	SIGNAL	Metal2	194200	0	194600	400	PLACED
core_sleep_o	OUTPUT	SIGNAL	Metal2	1768600	2475500	1769000	2475900	PLACED
double_fault_seen_o	OUTPUT	SIGNAL	Metal2	1910680	2475500	1911080	2475900	PLACED
eth_gtx_clk_o	OUTPUT	SIGNAL	Metal2	2882200	0	2882600	400	PLACED
eth_irq_o	OUTPUT	SIGNAL	Metal2	2108440	2475500	2108840	2475900	PLACED
eth_mbist_done_o[0]	OUTPUT	SIGNAL	Metal3	3326000	891460	3326400	891860	PLACED
eth_mbist_done_o[1]	OUTPUT	SIGNAL	Metal3	3326000	895660	3326400	896060	PLACED
eth_mbist_failed_o[0]	OUTPUT	SIGNAL	Metal3	3326000	876340	3326400	876740	PLACED
eth_mbist_failed_o[1]	OUTPUT	SIGNAL	Metal3	3326000	899860	3326400	900260	PLACED
eth_mdc_o	OUTPUT	SIGNAL	Metal2	2256280	0	2256680	400	PLACED
eth_mdio_i	INPUT	SIGNAL	Metal2	2215960	0	2216360	400	PLACED
eth_mdio_o	OUTPUT	SIGNAL	Metal2	2257240	0	2257640	400	PLACED
eth_mdio_oe_o	OUTPUT	SIGNAL	Metal2	2233240	0	2233640	400	PLACED
eth_rx_clk_i	INPUT	SIGNAL	Metal2	2362840	0	2363240	400	PLACED
eth_rx_dv_i	INPUT	SIGNAL	Metal3	3326000	944380	3326400	944780	PLACED
eth_rx_er_i	INPUT	SIGNAL	Metal3	3326000	971260	3326400	971660	PLACED
eth_rxd_i[0]	INPUT	SIGNAL	Metal3	3326000	771340	3326400	771740	PLACED
eth_rxd_i[1]	INPUT	SIGNAL	Metal3	3326000	774700	3326400	775100	PLACED
eth_rxd_i[2]	INPUT	SIGNAL	Metal3	3326000	790660	3326400	791060	PLACED
eth_rxd_i[3]	INPUT	SIGNAL	Metal3	3326000	779740	3326400	780140	PLACED
eth_rxd_i[4]	INPUT	SIGNAL	Metal3	3326000	793180	3326400	793580	PLACED
eth_rxd_i[5]	INPUT	SIGNAL	Metal3	3326000	780580	3326400	780980	PLACED
eth_rxd_i[6]	INPUT	SIGNAL	Metal3	3326000	813340	3326400	813740	PLACED
eth_rxd_i[7]	INPUT	SIGNAL	Metal3	3326000	775540	3326400	775940	PLACED
eth_tx_clk_i	INPUT	SIGNAL	Metal2	2883160	0	2883560	400	PLACED
eth_tx_en_o	OUTPUT	SIGNAL	Metal3	3326000	1060300	3326400	1060700	PLACED
eth_tx_er_o	OUTPUT	SIGNAL	Metal3	3326000	1048540	3326400	1048940	PLACED
eth_txd_o[0]	OUTPUT	SIGNAL	Metal3	3326000	1107340	3326400	1107740	PLACED
eth_txd_o[1]	OUTPUT	SIGNAL	Metal3	3326000	1102300	3326400	1102700	PLACED
eth_txd_o[2]	OUTPUT	SIGNAL	Metal3	3326000	1101460	3326400	1101860	PLACED
eth_txd_o[3]	OUTPUT	SIGNAL	Metal3	3326000	1100620	3326400	1101020	PLACED
eth_txd_o[4]	OUTPUT	SIGNAL	Metal3	3326000	1109020	3326400	1109420	PLACED
eth_txd_o[5]	OUTPUT	SIGNAL	Metal3	3326000	1136740	3326400	1137140	PLACED
eth_txd_o[6]	OUTPUT	SIGNAL	Metal3	3326000	1098940	3326400	1099340	PLACED
eth_txd_o[7]	OUTPUT	SIGNAL	Metal3	3326000	1095580	3326400	1095980	PLACED
gpio_i[0]	INPUT	SIGNAL	Metal2	2112280	0	2112680	400	PLACED
gpio_i[10]	INPUT	SIGNAL	Metal2	2343640	0	2344040	400	PLACED
gpio_i[11]	INPUT	SIGNAL	Metal2	2349400	0	2349800	400	PLACED
gpio_i[12]	INPUT	SIGNAL	Metal2	2288920	0	2289320	400	PLACED
gpio_i[13]	INPUT	SIGNAL	Metal2	2354200	0	2354600	400	PLACED
gpio_i[14]	INPUT	SIGNAL	Metal2	2207320	0	2207720	400	PLACED
gpio_i[15]	INPUT	SIGNAL	Metal2	2187160	0	2187560	400	PLACED
gpio_i[1]	INPUT	SIGNAL	Metal2	2054680	0	2055080	400	PLACED
gpio_i[2]	INPUT	SIGNAL	Metal2	2042200	0	2042600	400	PLACED
gpio_i[3]	INPUT	SIGNAL	Metal2	2080600	0	2081000	400	PLACED
gpio_i[4]	INPUT	SIGNAL	Metal2	2133400	0	2133800	400	PLACED
gpio_i[5]	INPUT	SIGNAL	Metal2	2150680	0	2151080	400	PLACED
gpio_i[6]	INPUT	SIGNAL	Metal2	2361880	0	2362280	400	PLACED
gpio_i[7]	INPUT	SIGNAL	Metal2	2134360	0	2134760	400	PLACED
gpio_i[8]	INPUT	SIGNAL	Metal2	2306200	0	2306600	400	PLACED
gpio_i[9]	INPUT	SIGNAL	Metal2	2217880	0	2218280	400	PLACED
gpio_irq_o	OUTPUT	SIGNAL	Metal2	2137240	2475500	2137640	2475900	PLACED
gpio_o[0]	OUTPUT	SIGNAL	Metal2	2069080	0	2069480	400	PLACED
gpio_o[10]	OUTPUT	SIGNAL	Metal2	2223640	0	2224040	400	PLACED
gpio_o[11]	OUTPUT	SIGNAL	Metal2	2229400	0	2229800	400	PLACED
gpio_o[12]	OUTPUT	SIGNAL	Metal2	2203480	0	2203880	400	PLACED
gpio_o[13]	OUTPUT	SIGNAL	Metal2	2231320	0	2231720	400	PLACED
gpio_o[14]	OUTPUT	SIGNAL	Metal2	2227480	0	2227880	400	PLACED
gpio_o[15]	OUTPUT	SIGNAL	Metal2	2186200	0	2186600	400	PLACED
gpio_o[1]	OUTPUT	SIGNAL	Metal2	2081560	0	2081960	400	PLACED
gpio_o[2]	OUTPUT	SIGNAL	Metal2	2078680	0	2079080	400	PLACED
gpio_o[3]	OUTPUT	SIGNAL	Metal2	2099800	0	2100200	400	PLACED
gpio_o[4]	OUTPUT	SIGNAL	Metal2	2118040	0	2118440	400	PLACED
gpio_o[5]	OUTPUT	SIGNAL	Metal2	2182360	0	2182760	400	PLACED
gpio_o[6]	OUTPUT	SIGNAL	Metal2	2205400	0	2205800	400	PLACED
gpio_o[7]	OUTPUT	SIGNAL	Metal2	2177560	0	2177960	400	PLACED
gpio_o[8]	OUTPUT	SIGNAL	Metal2	2208280	0	2208680	400	PLACED
gpio_o[9]	OUTPUT	SIGNAL	Metal2	2215000	0	2215400	400	PLACED
gpio_oe_o[0]	OUTPUT	SIGNAL	Metal2	2135320	0	2135720	400	PLACED
gpio_oe_o[10]	OUTPUT	SIGNAL	Metal2	2274520	0	2274920	400	PLACED
gpio_oe_o[11]	OUTPUT	SIGNAL	Metal2	2268760	0	2269160	400	PLACED
gpio_oe_o[12]	OUTPUT	SIGNAL	Metal2	2263960	0	2264360	400	PLACED
gpio_oe_o[13]	OUTPUT	SIGNAL	Metal2	2265880	0	2266280	400	PLACED
gpio_oe_o[14]	OUTPUT	SIGNAL	Metal2	2232280	0	2232680	400	PLACED
gpio_oe_o[15]	OUTPUT	SIGNAL	Metal2	2201560	0	2201960	400	PLACED
gpio_oe_o[1]	OUTPUT	SIGNAL	Metal2	2120920	0	2121320	400	PLACED
gpio_oe_o[2]	OUTPUT	SIGNAL	Metal2	2097880	0	2098280	400	PLACED
gpio_oe_o[3]	OUTPUT	SIGNAL	Metal2	2117080	0	2117480	400	PLACED
gpio_oe_o[4]	OUTPUT	SIGNAL	Metal2	2143960	0	2144360	400	PLACED
gpio_oe_o[5]	OUTPUT	SIGNAL	Metal2	2183320	0	2183720	400	PLACED
gpio_oe_o[6]	OUTPUT	SIGNAL	Metal2	2235160	0	2235560	400	PLACED
gpio_oe_o[7]	OUTPUT	SIGNAL	Metal2	2176600	0	2177000	400	PLACED
gpio_oe_o[8]	OUTPUT	SIGNAL	Metal2	2280280	0	2280680	400	PLACED
gpio_oe_o[9]	OUTPUT	SIGNAL	Metal2	2249560	0	2249960	400	PLACED
gptimer_irq_o	OUTPUT	SIGNAL	Metal2	2136280	2475500	2136680	2475900	PLACED
i2c_irq_o	OUTPUT	SIGNAL	Metal2	2115160	0	2115560	400	PLACED
i2c_scl_i	INPUT	SIGNAL	Metal2	2326360	0	2326760	400	PLACED
i2c_scl_oe_o	OUTPUT	SIGNAL	Metal2	2311000	0	2311400	400	PLACED
i2c_sda_i	INPUT	SIGNAL	Metal2	2328280	0	2328680	400	PLACED
i2c_sda_oe_o	OUTPUT	SIGNAL	Metal2	2331160	0	2331560	400	PLACED
irq_external_i	INPUT	SIGNAL	Metal2	1420120	2475500	1420520	2475900	PLACED
irq_soft_o	OUTPUT	SIGNAL	Metal2	1979800	2475500	1980200	2475900	PLACED
irq_timer_o	OUTPUT	SIGNAL	Metal2	1964440	2475500	1964840	2475900	PLACED
mbist_busy_o	OUTPUT	SIGNAL	Metal3	3326000	898180	3326400	898580	PLACED
mbist_done_o	OUTPUT	SIGNAL	Metal3	3326000	899020	3326400	899420	PLACED
mbist_fail_actual_o[0]	OUTPUT	SIGNAL	Metal2	1059160	0	1059560	400	PLACED
mbist_fail_actual_o[10]	OUTPUT	SIGNAL	Metal2	920920	0	921320	400	PLACED
mbist_fail_actual_o[11]	OUTPUT	SIGNAL	Metal2	962200	0	962600	400	PLACED
mbist_fail_actual_o[12]	OUTPUT	SIGNAL	Metal2	939160	0	939560	400	PLACED
mbist_fail_actual_o[13]	OUTPUT	SIGNAL	Metal2	921880	0	922280	400	PLACED
mbist_fail_actual_o[14]	OUTPUT	SIGNAL	Metal2	979480	0	979880	400	PLACED
mbist_fail_actual_o[15]	OUTPUT	SIGNAL	Metal2	970840	0	971240	400	PLACED
mbist_fail_actual_o[16]	OUTPUT	SIGNAL	Metal2	975640	0	976040	400	PLACED
mbist_fail_actual_o[17]	OUTPUT	SIGNAL	Metal2	927640	0	928040	400	PLACED
mbist_fail_actual_o[18]	OUTPUT	SIGNAL	Metal2	924760	0	925160	400	PLACED
mbist_fail_actual_o[19]	OUTPUT	SIGNAL	Metal2	909400	0	909800	400	PLACED
mbist_fail_actual_o[1]	OUTPUT	SIGNAL	Metal2	1040920	0	1041320	400	PLACED
mbist_fail_actual_o[20]	OUTPUT	SIGNAL	Metal2	923800	0	924200	400	PLACED
mbist_fail_actual_o[21]	OUTPUT	SIGNAL	Metal2	907480	0	907880	400	PLACED
mbist_fail_actual_o[22]	OUTPUT	SIGNAL	Metal2	925720	0	926120	400	PLACED
mbist_fail_actual_o[23]	OUTPUT	SIGNAL	Metal2	922840	0	923240	400	PLACED
mbist_fail_actual_o[24]	OUTPUT	SIGNAL	Metal2	919000	0	919400	400	PLACED
mbist_fail_actual_o[25]	OUTPUT	SIGNAL	Metal2	919960	0	920360	400	PLACED
mbist_fail_actual_o[26]	OUTPUT	SIGNAL	Metal2	926680	0	927080	400	PLACED
mbist_fail_actual_o[27]	OUTPUT	SIGNAL	Metal2	898840	0	899240	400	PLACED
mbist_fail_actual_o[28]	OUTPUT	SIGNAL	Metal2	902680	0	903080	400	PLACED
mbist_fail_actual_o[29]	OUTPUT	SIGNAL	Metal2	892120	0	892520	400	PLACED
mbist_fail_actual_o[2]	OUTPUT	SIGNAL	Metal2	1015000	0	1015400	400	PLACED
mbist_fail_actual_o[30]	OUTPUT	SIGNAL	Metal2	893080	0	893480	400	PLACED
mbist_fail_actual_o[31]	OUTPUT	SIGNAL	Metal2	871000	0	871400	400	PLACED
mbist_fail_actual_o[32]	OUTPUT	SIGNAL	Metal2	885400	0	885800	400	PLACED
mbist_fail_actual_o[33]	OUTPUT	SIGNAL	Metal2	871960	0	872360	400	PLACED
mbist_fail_actual_o[34]	OUTPUT	SIGNAL	Metal2	896920	0	897320	400	PLACED
mbist_fail_actual_o[35]	OUTPUT	SIGNAL	Metal2	874840	0	875240	400	PLACED
mbist_fail_actual_o[36]	OUTPUT	SIGNAL	Metal2	895960	0	896360	400	PLACED
mbist_fail_actual_o[37]	OUTPUT	SIGNAL	Metal2	870040	0	870440	400	PLACED
mbist_fail_actual_o[38]	OUTPUT	SIGNAL	Metal2	891160	0	891560	400	PLACED
mbist_fail_actual_o[39]	OUTPUT	SIGNAL	Metal2	856600	0	857000	400	PLACED
mbist_fail_actual_o[3]	OUTPUT	SIGNAL	Metal2	1022680	0	1023080	400	PLACED
mbist_fail_actual_o[40]	OUTPUT	SIGNAL	Metal2	859480	0	859880	400	PLACED
mbist_fail_actual_o[41]	OUTPUT	SIGNAL	Metal2	872920	0	873320	400	PLACED
mbist_fail_actual_o[42]	OUTPUT	SIGNAL	Metal2	853720	0	854120	400	PLACED
mbist_fail_actual_o[43]	OUTPUT	SIGNAL	Metal2	878680	0	879080	400	PLACED
mbist_fail_actual_o[44]	OUTPUT	SIGNAL	Metal2	880600	0	881000	400	PLACED
mbist_fail_actual_o[45]	OUTPUT	SIGNAL	Metal2	862360	0	862760	400	PLACED
mbist_fail_actual_o[46]	OUTPUT	SIGNAL	Metal2	863320	0	863720	400	PLACED
mbist_fail_actual_o[47]	OUTPUT	SIGNAL	Metal2	887320	0	887720	400	PLACED
mbist_fail_actual_o[48]	OUTPUT	SIGNAL	Metal2	850840	0	851240	400	PLACED
mbist_fail_actual_o[49]	OUTPUT	SIGNAL	Metal2	830680	0	831080	400	PLACED
mbist_fail_actual_o[4]	OUTPUT	SIGNAL	Metal2	1033240	0	1033640	400	PLACED
mbist_fail_actual_o[50]	OUTPUT	SIGNAL	Metal2	829720	0	830120	400	PLACED
mbist_fail_actual_o[51]	OUTPUT	SIGNAL	Metal2	852760	0	853160	400	PLACED
mbist_fail_actual_o[52]	OUTPUT	SIGNAL	Metal2	864280	0	864680	400	PLACED
mbist_fail_actual_o[53]	OUTPUT	SIGNAL	Metal2	834520	0	834920	400	PLACED
mbist_fail_actual_o[54]	OUTPUT	SIGNAL	Metal2	828760	0	829160	400	PLACED
mbist_fail_actual_o[55]	OUTPUT	SIGNAL	Metal2	851800	0	852200	400	PLACED
mbist_fail_actual_o[56]	OUTPUT	SIGNAL	Metal3	0	841060	400	841460	PLACED
mbist_fail_actual_o[57]	OUTPUT	SIGNAL	Metal2	897880	0	898280	400	PLACED
mbist_fail_actual_o[58]	OUTPUT	SIGNAL	Metal2	889240	0	889640	400	PLACED
mbist_fail_actual_o[59]	OUTPUT	SIGNAL	Metal3	0	874660	400	875060	PLACED
mbist_fail_actual_o[5]	OUTPUT	SIGNAL	Metal2	1003480	0	1003880	400	PLACED
mbist_fail_actual_o[60]	OUTPUT	SIGNAL	Metal2	917080	0	917480	400	PLACED
mbist_fail_actual_o[61]	OUTPUT	SIGNAL	Metal3	0	883060	400	883460	PLACED
mbist_fail_actual_o[62]	OUTPUT	SIGNAL	Metal3	0	876340	400	876740	PLACED
mbist_fail_actual_o[63]	OUTPUT	SIGNAL	Metal3	0	878860	400	879260	PLACED
mbist_fail_actual_o[6]	OUTPUT	SIGNAL	Metal2	1029400	0	1029800	400	PLACED
mbist_fail_actual_o[7]	OUTPUT	SIGNAL	Metal2	993880	0	994280	400	PLACED
mbist_fail_actual_o[8]	OUTPUT	SIGNAL	Metal2	994840	0	995240	400	PLACED
mbist_fail_actual_o[9]	OUTPUT	SIGNAL	Metal2	978520	0	978920	400	PLACED
mbist_fail_addr_o[0]	OUTPUT	SIGNAL	Metal2	1132120	0	1132520	400	PLACED
mbist_fail_addr_o[10]	OUTPUT	SIGNAL	Metal2	1119640	0	1120040	400	PLACED
mbist_fail_addr_o[11]	OUTPUT	SIGNAL	Metal2	1078360	0	1078760	400	PLACED
mbist_fail_addr_o[12]	OUTPUT	SIGNAL	Metal2	1077400	0	1077800	400	PLACED
mbist_fail_addr_o[1]	OUTPUT	SIGNAL	Metal2	1140760	0	1141160	400	PLACED
mbist_fail_addr_o[2]	OUTPUT	SIGNAL	Metal2	1139800	0	1140200	400	PLACED
mbist_fail_addr_o[3]	OUTPUT	SIGNAL	Metal2	1164760	0	1165160	400	PLACED
mbist_fail_addr_o[4]	OUTPUT	SIGNAL	Metal2	1200280	0	1200680	400	PLACED
mbist_fail_addr_o[5]	OUTPUT	SIGNAL	Metal2	1182040	0	1182440	400	PLACED
mbist_fail_addr_o[6]	OUTPUT	SIGNAL	Metal2	1199320	0	1199720	400	PLACED
mbist_fail_addr_o[7]	OUTPUT	SIGNAL	Metal2	1196440	0	1196840	400	PLACED
mbist_fail_addr_o[8]	OUTPUT	SIGNAL	Metal2	1135960	0	1136360	400	PLACED
mbist_fail_addr_o[9]	OUTPUT	SIGNAL	Metal2	1148440	0	1148840	400	PLACED
mbist_fail_background_o[0]	OUTPUT	SIGNAL	Metal3	0	1043500	400	1043900	PLACED
mbist_fail_background_o[1]	OUTPUT	SIGNAL	Metal3	0	1040980	400	1041380	PLACED
mbist_fail_background_o[2]	OUTPUT	SIGNAL	Metal2	1050520	0	1050920	400	PLACED
mbist_fail_background_o[3]	OUTPUT	SIGNAL	Metal3	0	1034260	400	1034660	PLACED
mbist_fail_background_o[4]	OUTPUT	SIGNAL	Metal2	1042840	0	1043240	400	PLACED
mbist_fail_background_o[5]	OUTPUT	SIGNAL	Metal3	0	1045180	400	1045580	PLACED
mbist_fail_background_o[6]	OUTPUT	SIGNAL	Metal2	1062040	0	1062440	400	PLACED
mbist_fail_background_o[7]	OUTPUT	SIGNAL	Metal2	1060120	0	1060520	400	PLACED
mbist_fail_expected_o[0]	OUTPUT	SIGNAL	Metal3	0	1017460	400	1017860	PLACED
mbist_fail_expected_o[10]	OUTPUT	SIGNAL	Metal3	0	893980	400	894380	PLACED
mbist_fail_expected_o[11]	OUTPUT	SIGNAL	Metal3	0	892300	400	892700	PLACED
mbist_fail_expected_o[12]	OUTPUT	SIGNAL	Metal3	0	1037620	400	1038020	PLACED
mbist_fail_expected_o[13]	OUTPUT	SIGNAL	Metal3	0	895660	400	896060	PLACED
mbist_fail_expected_o[14]	OUTPUT	SIGNAL	Metal3	0	1048540	400	1048940	PLACED
mbist_fail_expected_o[15]	OUTPUT	SIGNAL	Metal3	0	899020	400	899420	PLACED
mbist_fail_expected_o[16]	OUTPUT	SIGNAL	Metal3	0	1004020	400	1004420	PLACED
mbist_fail_expected_o[17]	OUTPUT	SIGNAL	Metal3	0	1020820	400	1021220	PLACED
mbist_fail_expected_o[18]	OUTPUT	SIGNAL	Metal2	969880	0	970280	400	PLACED
mbist_fail_expected_o[19]	OUTPUT	SIGNAL	Metal3	0	1030900	400	1031300	PLACED
mbist_fail_expected_o[1]	OUTPUT	SIGNAL	Metal3	0	1035100	400	1035500	PLACED
mbist_fail_expected_o[20]	OUTPUT	SIGNAL	Metal3	0	1050220	400	1050620	PLACED
mbist_fail_expected_o[21]	OUTPUT	SIGNAL	Metal3	0	1036780	400	1037180	PLACED
mbist_fail_expected_o[22]	OUTPUT	SIGNAL	Metal3	0	1049380	400	1049780	PLACED
mbist_fail_expected_o[23]	OUTPUT	SIGNAL	Metal2	972760	0	973160	400	PLACED
mbist_fail_expected_o[24]	OUTPUT	SIGNAL	Metal3	0	1029220	400	1029620	PLACED
mbist_fail_expected_o[25]	OUTPUT	SIGNAL	Metal3	0	1019140	400	1019540	PLACED
mbist_fail_expected_o[26]	OUTPUT	SIGNAL	Metal3	0	1022500	400	1022900	PLACED
mbist_fail_expected_o[27]	OUTPUT	SIGNAL	Metal3	0	1038460	400	1038860	PLACED
mbist_fail_expected_o[28]	OUTPUT	SIGNAL	Metal3	0	938500	400	938900	PLACED
mbist_fail_expected_o[29]	OUTPUT	SIGNAL	Metal3	0	915820	400	916220	PLACED
mbist_fail_expected_o[2]	OUTPUT	SIGNAL	Metal3	0	1051060	400	1051460	PLACED
mbist_fail_expected_o[30]	OUTPUT	SIGNAL	Metal3	0	941020	400	941420	PLACED
mbist_fail_expected_o[31]	OUTPUT	SIGNAL	Metal3	0	937660	400	938060	PLACED
mbist_fail_expected_o[32]	OUTPUT	SIGNAL	Metal3	0	1002340	400	1002740	PLACED
mbist_fail_expected_o[33]	OUTPUT	SIGNAL	Metal3	0	926740	400	927140	PLACED
mbist_fail_expected_o[34]	OUTPUT	SIGNAL	Metal3	0	907420	400	907820	PLACED
mbist_fail_expected_o[35]	OUTPUT	SIGNAL	Metal3	0	908260	400	908660	PLACED
mbist_fail_expected_o[36]	OUTPUT	SIGNAL	Metal3	0	925060	400	925460	PLACED
mbist_fail_expected_o[37]	OUTPUT	SIGNAL	Metal3	0	1004860	400	1005260	PLACED
mbist_fail_expected_o[38]	OUTPUT	SIGNAL	Metal3	0	921700	400	922100	PLACED
mbist_fail_expected_o[39]	OUTPUT	SIGNAL	Metal3	0	910780	400	911180	PLACED
mbist_fail_expected_o[3]	OUTPUT	SIGNAL	Metal3	0	1054420	400	1054820	PLACED
mbist_fail_expected_o[40]	OUTPUT	SIGNAL	Metal3	0	967900	400	968300	PLACED
mbist_fail_expected_o[41]	OUTPUT	SIGNAL	Metal3	0	983860	400	984260	PLACED
mbist_fail_expected_o[42]	OUTPUT	SIGNAL	Metal3	0	985540	400	985940	PLACED
mbist_fail_expected_o[43]	OUTPUT	SIGNAL	Metal3	0	976300	400	976700	PLACED
mbist_fail_expected_o[44]	OUTPUT	SIGNAL	Metal3	0	956140	400	956540	PLACED
mbist_fail_expected_o[45]	OUTPUT	SIGNAL	Metal3	0	962860	400	963260	PLACED
mbist_fail_expected_o[46]	OUTPUT	SIGNAL	Metal3	0	962020	400	962420	PLACED
mbist_fail_expected_o[47]	OUTPUT	SIGNAL	Metal3	0	956980	400	957380	PLACED
mbist_fail_expected_o[48]	OUTPUT	SIGNAL	Metal3	0	969580	400	969980	PLACED
mbist_fail_expected_o[49]	OUTPUT	SIGNAL	Metal3	0	983020	400	983420	PLACED
mbist_fail_expected_o[4]	OUTPUT	SIGNAL	Metal3	0	1016620	400	1017020	PLACED
mbist_fail_expected_o[50]	OUTPUT	SIGNAL	Metal3	0	968740	400	969140	PLACED
mbist_fail_expected_o[51]	OUTPUT	SIGNAL	Metal2	987160	0	987560	400	PLACED
mbist_fail_expected_o[52]	OUTPUT	SIGNAL	Metal3	0	1014940	400	1015340	PLACED
mbist_fail_expected_o[53]	OUTPUT	SIGNAL	Metal3	0	1003180	400	1003580	PLACED
mbist_fail_expected_o[54]	OUTPUT	SIGNAL	Metal3	0	1001500	400	1001900	PLACED
mbist_fail_expected_o[55]	OUTPUT	SIGNAL	Metal3	0	1019980	400	1020380	PLACED
mbist_fail_expected_o[56]	OUTPUT	SIGNAL	Metal3	0	1005700	400	1006100	PLACED
mbist_fail_expected_o[57]	OUTPUT	SIGNAL	Metal3	0	1021660	400	1022060	PLACED
mbist_fail_expected_o[58]	OUTPUT	SIGNAL	Metal3	0	998140	400	998540	PLACED
mbist_fail_expected_o[59]	OUTPUT	SIGNAL	Metal3	0	1006540	400	1006940	PLACED
mbist_fail_expected_o[5]	OUTPUT	SIGNAL	Metal3	0	1031740	400	1032140	PLACED
mbist_fail_expected_o[60]	OUTPUT	SIGNAL	Metal3	0	1018300	400	1018700	PLACED
mbist_fail_expected_o[61]	OUTPUT	SIGNAL	Metal3	0	995620	400	996020	PLACED
mbist_fail_expected_o[62]	OUTPUT	SIGNAL	Metal3	0	887260	400	887660	PLACED
mbist_fail_expected_o[63]	OUTPUT	SIGNAL	Metal3	0	891460	400	891860	PLACED
mbist_fail_expected_o[6]	OUTPUT	SIGNAL	Metal3	0	1053580	400	1053980	PLACED
mbist_fail_expected_o[7]	OUTPUT	SIGNAL	Metal3	0	1032580	400	1032980	PLACED
mbist_fail_expected_o[8]	OUTPUT	SIGNAL	Metal3	0	889780	400	890180	PLACED
mbist_fail_expected_o[9]	OUTPUT	SIGNAL	Metal3	0	1015780	400	1016180	PLACED
mbist_fail_phase_o[0]	OUTPUT	SIGNAL	Metal2	1085080	0	1085480	400	PLACED
mbist_fail_phase_o[1]	OUTPUT	SIGNAL	Metal2	1083160	0	1083560	400	PLACED
mbist_fail_phase_o[2]	OUTPUT	SIGNAL	Metal2	1068760	0	1069160	400	PLACED
mbist_failed_o	OUTPUT	SIGNAL	Metal3	3326000	900700	3326400	901100	PLACED
nmi_o	OUTPUT	SIGNAL	Metal2	2171800	2475500	2172200	2475900	PLACED
npu_aer_in_stb_o	OUTPUT	SIGNAL	Metal2	1759960	2475500	1760360	2475900	PLACED
npu_aer_out_vld_o	OUTPUT	SIGNAL	Metal2	1978840	2475500	1979240	2475900	PLACED
npu_irq_o	OUTPUT	SIGNAL	Metal2	1922200	0	1922600	400	PLACED
npu_ser_cs_n_o	OUTPUT	SIGNAL	Metal2	1684120	2475500	1684520	2475900	PLACED
npu_ser_miso_o	OUTPUT	SIGNAL	Metal2	1716760	2475500	1717160	2475900	PLACED
npu_ser_mosi_o	OUTPUT	SIGNAL	Metal2	1735960	2475500	1736360	2475900	PLACED
npu_ser_sck_o	OUTPUT	SIGNAL	Metal2	1681240	2475500	1681640	2475900	PLACED
qspi_cs_no[0]	OUTPUT	SIGNAL	Metal2	2125720	0	2126120	400	PLACED
qspi_cs_no[1]	OUTPUT	SIGNAL	Metal2	2121880	0	2122280	400	PLACED
qspi_io_i[0]	INPUT	SIGNAL	Metal2	1999000	0	1999400	400	PLACED
qspi_io_i[1]	INPUT	SIGNAL	Metal2	1999960	0	2000360	400	PLACED
qspi_io_i[2]	INPUT	SIGNAL	Metal2	2044120	0	2044520	400	PLACED
qspi_io_i[3]	INPUT	SIGNAL	Metal2	2029720	0	2030120	400	PLACED
qspi_io_o[0]	OUTPUT	SIGNAL	Metal2	1989400	0	1989800	400	PLACED
qspi_io_o[1]	OUTPUT	SIGNAL	Metal2	2034520	0	2034920	400	PLACED
qspi_io_o[2]	OUTPUT	SIGNAL	Metal2	2051800	0	2052200	400	PLACED
qspi_io_o[3]	OUTPUT	SIGNAL	Metal2	1968280	0	1968680	400	PLACED
qspi_io_oe_o[0]	OUTPUT	SIGNAL	Metal2	1965400	0	1965800	400	PLACED
qspi_io_oe_o[1]	OUTPUT	SIGNAL	Metal2	1973080	0	1973480	400	PLACED
qspi_io_oe_o[2]	OUTPUT	SIGNAL	Metal2	1951000	0	1951400	400	PLACED
qspi_io_oe_o[3]	OUTPUT	SIGNAL	Metal2	1962520	0	1962920	400	PLACED
qspi_irq_o	OUTPUT	SIGNAL	Metal2	2110360	0	2110760	400	PLACED
qspi_sck_o	OUTPUT	SIGNAL	Metal2	1997080	0	1997480	400	PLACED
rst_ni	INPUT	SIGNAL	Metal3	3326000	1195540	3326400	1195940	PLACED
spi_cs_no[0]	OUTPUT	SIGNAL	Metal2	2324440	0	2324840	400	PLACED
spi_cs_no[1]	OUTPUT	SIGNAL	Metal2	2323480	0	2323880	400	PLACED
spi_irq_o	OUTPUT	SIGNAL	Metal2	2116120	0	2116520	400	PLACED
spi_miso_i	INPUT	SIGNAL	Metal2	2397400	0	2397800	400	PLACED
spi_mosi_o	OUTPUT	SIGNAL	Metal2	2434840	0	2435240	400	PLACED
spi_sck_o	OUTPUT	SIGNAL	Metal2	2363800	0	2364200	400	PLACED
spw_di_i	INPUT	SIGNAL	Metal2	2105560	0	2105960	400	PLACED
spw_do_o	OUTPUT	SIGNAL	Metal2	2442520	0	2442920	400	PLACED
spw_irq_o	OUTPUT	SIGNAL	Metal2	2191000	2475500	2191400	2475900	PLACED
spw_si_i	INPUT	SIGNAL	Metal2	2114200	0	2114600	400	PLACED
spw_so_o	OUTPUT	SIGNAL	Metal2	2455960	0	2456360	400	PLACED
strap_i[0]	INPUT	SIGNAL	Metal2	1884760	0	1885160	400	PLACED
strap_i[1]	INPUT	SIGNAL	Metal2	1851160	0	1851560	400	PLACED
strap_i[2]	INPUT	SIGNAL	Metal2	1703320	0	1703720	400	PLACED
strap_i[3]	INPUT	SIGNAL	Metal2	1772440	0	1772840	400	PLACED
uart_irq_o	OUTPUT	SIGNAL	Metal2	2141080	0	2141480	400	PLACED
uart_rx_i	INPUT	SIGNAL	Metal3	3326000	847780	3326400	848180	PLACED
uart_tx_o	OUTPUT	SIGNAL	Metal2	2304280	0	2304680	400	PLACED
wdog_dis_i	INPUT	SIGNAL	Metal2	1777240	0	1777640	400	PLACED
wdog_no	OUTPUT	SIGNAL	Metal2	2219800	0	2220200	400	PLACED
wdog_rst_o	OUTPUT	SIGNAL	Metal3	3326000	1198060	3326400	1198460	PLACED
